pipeline,mode,experiment,model,train_rows,test_rows,accuracy,balanced_accuracy,precision,recall,f1,auc
euronext_prediction,next_day_direction,microstructure_plus_sentiment,random_forest,1220,592,0.6165540540540541,0.5390306122448979,0.40816326530612246,0.3,0.345821325648415,0.551626275510204
euronext_prediction,next_day_direction,microstructure_only,logistic_regression,1220,592,0.5523648648648649,0.5383163265306122,0.376425855513308,0.495,0.42764578833693306,0.5572448979591836
euronext_prediction,next_day_direction,microstructure_plus_sentiment,logistic_regression,1220,592,0.5523648648648649,0.5383163265306122,0.376425855513308,0.495,0.42764578833693306,0.5572448979591836
euronext_prediction,next_day_direction,microstructure_only,random_forest,1220,592,0.6047297297297297,0.5252040816326531,0.3835616438356164,0.28,0.3236994219653179,0.5477359693877552
euronext_prediction,next_day_direction,microstructure_only,gradient_boosting,1220,592,0.6402027027027027,0.5128061224489796,0.39344262295081966,0.12,0.1839080459770115,0.5339668367346939
euronext_prediction,next_day_direction,microstructure_plus_sentiment,gradient_boosting,1220,592,0.6402027027027027,0.5128061224489796,0.39344262295081966,0.12,0.1839080459770115,0.5337882653061223
